filename,file_size,file_attributes,region_count,region_id,region_shape_attributes,region_attributes
images/Set1/39750_1.jpg,-1,"{}",1,0,"{""name"":""rect"",""x"":168,""y"":7,""width"":157,""height"":157}","{""Age"":""15-25"",""Weight"":""normal-healthy"",""Gender"":""female"",""Economy-Class"":""upper class"",""Education"":""Educated"",""CarryingBag"":""None"",""Accessories"":{""Nothing"":true},""Footwear"":""CantSee"",""Demeanour"":""Average"",""ClothingStyle"":""Classy-Fashionable"",""ImageQuality"":""Average"",""Emotion"":""Neutral"",""ClothingStyle2"":""Daily"",""BodyPose"":""Back""}"
images/Set1/6960_0 (4).jpg,-1,"{}",1,0,"{""name"":""rect"",""x"":37,""y"":16,""width"":46,""height"":52}","{""Age"":""15-25"",""Weight"":""slightly-overweight"",""Gender"":""female"",""Economy-Class"":""upper class"",""Education"":""Educated"",""CarryingBag"":""None"",""Accessories"":{""Nothing"":true},""Footwear"":""CantSee"",""Demeanour"":""Classy-Groomed"",""ClothingStyle"":""Classy-Fashionable"",""ImageQuality"":""Average"",""Emotion"":""Happy"",""ClothingStyle2"":""Formal/Business"",""BodyPose"":""Front-Frontish""}"
images/Set1/IMG (4976).jpg,-1,"{}",1,0,"{""name"":""rect"",""x"":31,""y"":11,""width"":39,""height"":33}","{""Age"":""45-55"",""Weight"":""over-weight"",""Gender"":""male"",""Economy-Class"":""middle class"",""Education"":""Uneducation"",""CarryingBag"":""None"",""Accessories"":{""Nothing"":true},""Footwear"":""CantSee"",""Demeanour"":""Average"",""ClothingStyle"":""Average"",""ImageQuality"":""Bad"",""Emotion"":""Neutral"",""ClothingStyle2"":""Ethnic"",""BodyPose"":""Front-Frontish""}"
images/Set1/18570_4 (2).jpg,-1,"{}",1,0,"{""name"":""rect"",""x"":75,""y"":3,""width"":82,""height"":85}","{""Age"":""15-25"",""Weight"":""slightly-overweight"",""Gender"":""female"",""Economy-Class"":""upper class"",""Education"":""Educated"",""CarryingBag"":""Daily/Office/Work Bag"",""Accessories"":{""Nothing"":true},""Footwear"":""CantSee"",""Demeanour"":""Average"",""ClothingStyle"":""Average"",""ImageQuality"":""Average"",""Emotion"":""Neutral"",""ClothingStyle2"":""Daily"",""BodyPose"":""Side""}"
images/Set1/IMG (4380).jpg,-1,"{}",1,0,"{""name"":""rect"",""x"":47,""y"":8,""width"":39,""height"":36}","{""Age"":""15-25"",""Weight"":""underweight"",""Gender"":""male"",""Economy-Class"":""middle class"",""Education"":""Educated"",""CarryingBag"":""None"",""Accessories"":{},""Footwear"":""Normal"",""Demeanour"":""Classy-Groomed"",""ClothingStyle"":""Classy-Fashionable"",""ImageQuality"":""Bad"",""Emotion"":""Angry/Serious"",""ClothingStyle2"":""Formal/Business"",""BodyPose"":""Front-Frontish""}"
images/Set1/510_1 (3).jpg,-1,"{}",1,0,"{""name"":""rect"",""x"":55,""y"":4,""width"":48,""height"":51}","{""Age"":""45-55"",""Weight"":""normal-healthy"",""Gender"":""female"",""Economy-Class"":""middle class"",""Education"":""Educated"",""CarryingBag"":""Grocery/Home/Plastic Bag"",""Accessories"":{""Watch"":true},""Footwear"":""CantSee"",""Demeanour"":""Unkept"",""ClothingStyle"":""Below Average"",""ImageQuality"":""Average"",""Emotion"":""Neutral"",""ClothingStyle2"":""Daily"",""BodyPose"":""Front-Frontish""}"
images/Set1/IMG (2971).jpg,-1,"{}",1,0,"{""name"":""rect"",""x"":69,""y"":4,""width"":45,""height"":36}","{""Age"":""25-35"",""Weight"":""over-weight"",""Gender"":""female"",""Economy-Class"":""lower middle class"",""Education"":""Uneducation"",""CarryingBag"":""None"",""Accessories"":{""Earings"":true,""OtherJewellery"":true},""Footwear"":""CantSee"",""Demeanour"":""Average"",""ClothingStyle"":""Below Average"",""ImageQuality"":""Average"",""Emotion"":""Neutral"",""ClothingStyle2"":""Ethnic"",""BodyPose"":""Side""}"
images/Set1/IMG (4174).jpg,-1,"{}",1,0,"{""name"":""rect"",""x"":52,""y"":2,""width"":66,""height"":41}","{""Age"":""35-45"",""Weight"":""normal-healthy"",""Gender"":""male"",""Economy-Class"":""lower middle class"",""Education"":""Uneducation"",""CarryingBag"":""None"",""Accessories"":{""Nothing"":true},""Footwear"":""CantSee"",""Demeanour"":""Average"",""ClothingStyle"":""Average"",""ImageQuality"":""Average"",""Emotion"":""Neutral"",""ClothingStyle2"":""Daily"",""BodyPose"":""Side""}"
images/Set1/33510_0.jpg,-1,"{}",1,0,"{""name"":""rect"",""x"":88,""y"":61,""width"":83,""height"":71}","{""Age"":""25-35"",""Weight"":""slightly-overweight"",""Gender"":""male"",""Economy-Class"":""upper class"",""Education"":""Educated"",""CarryingBag"":""None"",""Accessories"":{""Watch"":true,""Sunglasses"":true},""Footwear"":""CantSee"",""Demeanour"":""Classy-Groomed"",""ClothingStyle"":""Classy-Fashionable"",""ImageQuality"":""Average"",""Emotion"":""Neutral"",""ClothingStyle2"":""Daily"",""BodyPose"":""Front-Frontish""}"
images/Set1/14040_1 (6).jpg,-1,"{}",1,0,"{""name"":""rect"",""x"":179,""y"":4,""width"":102,""height"":126}","{""Age"":""25-35"",""Weight"":""normal-healthy"",""Gender"":""male"",""Economy-Class"":""upper class"",""Education"":""Highly Educated"",""CarryingBag"":""None"",""Accessories"":{""Nothing"":true},""Footwear"":""CantSee"",""Demeanour"":""Classy-Groomed"",""ClothingStyle"":""Classy-Fashionable"",""ImageQuality"":""Bad"",""Emotion"":""Neutral"",""ClothingStyle2"":""Formal/Business"",""BodyPose"":""Front-Frontish""}"
images/Set1/9390_0 (3).jpg,-1,"{}",1,0,"{""name"":""rect"",""x"":275,""y"":81,""width"":140,""height"":123}","{""Age"":""25-35"",""Weight"":""normal-healthy"",""Gender"":""male"",""Economy-Class"":""middle class"",""Education"":""Educated"",""CarryingBag"":""None"",""Accessories"":{""Nothing"":true},""Footwear"":""CantSee"",""Demeanour"":""Average"",""ClothingStyle"":""Average"",""ImageQuality"":""Bad"",""Emotion"":""Neutral"",""ClothingStyle2"":""Daily"",""BodyPose"":""Back""}"
images/Set1/IMG (1754).jpg,-1,"{}",1,0,"{""name"":""rect"",""x"":45,""y"":3,""width"":42,""height"":44}","{""Age"":""35-45"",""Weight"":""slightly-overweight"",""Gender"":""male"",""Economy-Class"":""lower middle class"",""Education"":""Uneducation"",""CarryingBag"":""None"",""Accessories"":{""Nothing"":true},""Footwear"":""CantSee"",""Demeanour"":""Unkept"",""ClothingStyle"":""Below Average"",""ImageQuality"":""Average"",""Emotion"":""Angry/Serious"",""ClothingStyle2"":""Daily"",""BodyPose"":""Front-Frontish""}"
images/Set1/5670_5.jpg,-1,"{}",1,0,"{""name"":""rect"",""x"":41,""y"":34,""width"":42,""height"":40}","{""Age"":""15-25"",""Weight"":""underweight"",""Gender"":""female"",""Economy-Class"":""middle class"",""Education"":""Educated"",""CarryingBag"":""Daily/Office/Work Bag"",""Accessories"":{""Nothing"":true},""Footwear"":""CantSee"",""Demeanour"":""Classy-Groomed"",""ClothingStyle"":""Classy-Fashionable"",""ImageQuality"":""Average"",""Emotion"":""Happy"",""ClothingStyle2"":""Formal/Business"",""BodyPose"":""Side""}"
images/Set1/31320_0.jpg,-1,"{}",1,0,"{""name"":""rect"",""x"":44,""y"":1,""width"":63,""height"":59}","{""Age"":""Under 15"",""Weight"":""underweight"",""Gender"":""male"",""Economy-Class"":""lower middle class"",""Education"":""Uneducation"",""CarryingBag"":""None"",""Accessories"":{""Nothing"":true},""Footwear"":""CantSee"",""Demeanour"":""Unkept"",""ClothingStyle"":""Below Average"",""ImageQuality"":""Average"",""Emotion"":""Sad"",""ClothingStyle2"":""Daily"",""BodyPose"":""Front-Frontish""}"
images/Set1/15000_0 (2).jpg,-1,"{}",1,0,"{""name"":""rect"",""x"":159,""y"":40,""width"":152,""height"":163}","{""Age"":""45-55"",""Weight"":""slightly-overweight"",""Gender"":""male"",""Economy-Class"":""middle class"",""Education"":""Educated"",""CarryingBag"":""None"",""Accessories"":{""Nothing"":true},""Footwear"":""CantSee"",""Demeanour"":""Average"",""ClothingStyle"":""Classy-Fashionable"",""ImageQuality"":""Good"",""Emotion"":""Neutral"",""ClothingStyle2"":""Formal/Business"",""BodyPose"":""Front-Frontish""}"
images/Set1/870_1 (2).jpg,-1,"{}",1,0,"{""name"":""rect"",""x"":38,""y"":39,""width"":146,""height"":143}","{""Age"":""25-35"",""Weight"":""normal-healthy"",""Gender"":""male"",""Economy-Class"":""middle class"",""Education"":""Educated"",""CarryingBag"":""Daily/Office/Work Bag"",""Accessories"":{""Nothing"":true},""Footwear"":""CantSee"",""Demeanour"":""Classy-Groomed"",""ClothingStyle"":""Classy-Fashionable"",""ImageQuality"":""Average"",""Emotion"":""Neutral"",""ClothingStyle2"":""Formal/Business"",""BodyPose"":""Side""}"
images/Set1/6330_0.jpg,-1,"{}",1,0,"{""name"":""rect"",""x"":17,""y"":18,""width"":101,""height"":93}","{""Age"":""55+"",""Weight"":""underweight"",""Gender"":""male"",""Economy-Class"":""lower middle class"",""Education"":""Uneducation"",""CarryingBag"":""None"",""Accessories"":{""Nothing"":true},""Footwear"":""CantSee"",""Demeanour"":""Unkept"",""ClothingStyle"":""Below Average"",""ImageQuality"":""Average"",""Emotion"":""Neutral"",""ClothingStyle2"":""Daily"",""BodyPose"":""Front-Frontish""}"
images/Set1/77010_0.jpg,-1,"{}",1,0,"{""name"":""rect"",""x"":74,""y"":2,""width"":69,""height"":44}","{""Age"":""15-25"",""Weight"":""normal-healthy"",""Gender"":""female"",""Economy-Class"":""upper class"",""Education"":""Educated"",""CarryingBag"":""Daily/Office/Work Bag"",""Accessories"":{""Watch"":true},""Footwear"":""CantSee"",""Demeanour"":""Average"",""ClothingStyle"":""Average"",""ImageQuality"":""Average"",""Emotion"":""Neutral"",""ClothingStyle2"":""Daily"",""BodyPose"":""Back""}"
images/Set1/29220_1 (2).jpg,-1,"{}",1,0,"{""name"":""rect"",""x"":148,""y"":36,""width"":68,""height"":76}","{""Age"":""55+"",""Weight"":""slightly-overweight"",""Gender"":""male"",""Economy-Class"":""middle class"",""Education"":""Educated"",""CarryingBag"":""None"",""Accessories"":{""Nothing"":true},""Footwear"":""CantSee"",""Demeanour"":""Average"",""ClothingStyle"":""Average"",""ImageQuality"":""Average"",""Emotion"":""Neutral"",""ClothingStyle2"":""Formal/Business"",""BodyPose"":""Front-Frontish""}"
images/Set1/22320_0.jpg,-1,"{}",1,0,"{""name"":""rect"",""x"":79,""y"":14,""width"":161,""height"":151}","{""Age"":""35-45"",""Weight"":""slightly-overweight"",""Gender"":""male"",""Economy-Class"":""lower middle class"",""Education"":""Uneducation"",""CarryingBag"":""None"",""Accessories"":{""Nothing"":true},""Footwear"":""CantSee"",""Demeanour"":""Unkept"",""ClothingStyle"":""Below Average"",""ImageQuality"":""Good"",""Emotion"":""Sad"",""ClothingStyle2"":""Sports"",""BodyPose"":""Side""}"
images/Set1/3870_1 (2).jpg,-1,"{}",1,0,"{""name"":""rect"",""x"":12,""y"":13,""width"":90,""height"":86}","{""Age"":""45-55"",""Weight"":""normal-healthy"",""Gender"":""male"",""Economy-Class"":""middle class"",""Education"":""Educated"",""CarryingBag"":""None"",""Accessories"":{""Nothing"":true},""Footwear"":""Normal"",""Demeanour"":""Average"",""ClothingStyle"":""Average"",""ImageQuality"":""Average"",""Emotion"":""Neutral"",""ClothingStyle2"":""Formal/Business"",""BodyPose"":""Back""}"
images/Set1/3030_2 (2).jpg,-1,"{}",1,0,"{""name"":""rect"",""x"":70,""y"":4,""width"":61,""height"":54}","{""Age"":""25-35"",""Weight"":""normal-healthy"",""Gender"":""female"",""Economy-Class"":""uber upper class"",""Education"":""Highly Educated"",""CarryingBag"":""None"",""Accessories"":{""Watch"":true},""Footwear"":""Fancy"",""Demeanour"":""Classy-Groomed"",""ClothingStyle"":""Classy-Fashionable"",""ImageQuality"":""Good"",""Emotion"":""Neutral"",""ClothingStyle2"":""Daily"",""BodyPose"":""Front-Frontish""}"
images/Set1/15330_4 (2).jpg,-1,"{}",1,0,"{""name"":""rect"",""x"":105,""y"":16,""width"":116,""height"":117}","{""Age"":""25-35"",""Weight"":""slightly-overweight"",""Gender"":""female"",""Economy-Class"":""upper class"",""Education"":""Educated"",""CarryingBag"":""Daily/Office/Work Bag"",""Accessories"":{""Nothing"":true},""Footwear"":""CantSee"",""Demeanour"":""Average"",""ClothingStyle"":""Average"",""ImageQuality"":""Good"",""Emotion"":""Neutral"",""ClothingStyle2"":""Daily"",""BodyPose"":""Back""}"
images/Set1/IMG (4013).jpg,-1,"{}",1,0,"{""name"":""rect"",""x"":91,""y"":8,""width"":67,""height"":73}","{""Age"":""25-35"",""Weight"":""over-weight"",""Gender"":""female"",""Economy-Class"":""middle class"",""Education"":""Educated"",""CarryingBag"":""Daily/Office/Work Bag"",""Accessories"":{""Nothing"":true},""Footwear"":""Normal"",""Demeanour"":""Average"",""ClothingStyle"":""Average"",""ImageQuality"":""Average"",""Emotion"":""Neutral"",""ClothingStyle2"":""Daily"",""BodyPose"":""Back""}"
images/Set1/IMG (3843).jpg,-1,"{}",1,0,"{""name"":""rect"",""x"":49,""y"":3,""width"":45,""height"":41}","{""Age"":""15-25"",""Weight"":""normal-healthy"",""Gender"":""female"",""Economy-Class"":""upper class"",""Education"":""Educated"",""CarryingBag"":""Daily/Office/Work Bag"",""Accessories"":{""Nothing"":true},""Footwear"":""Fancy"",""Demeanour"":""Average"",""ClothingStyle"":""Average"",""ImageQuality"":""Average"",""Emotion"":""Neutral"",""ClothingStyle2"":""Daily"",""BodyPose"":""Front-Frontish""}"
images/Set1/IMG (6545).jpg,-1,"{}",1,0,"{""name"":""rect"",""x"":147,""y"":6,""width"":214,""height"":203}","{""Age"":""55+"",""Weight"":""over-weight"",""Gender"":""male"",""Economy-Class"":""middle class"",""Education"":""Educated"",""CarryingBag"":""None"",""Accessories"":{""OtherJewellery"":true},""Footwear"":""CantSee"",""Demeanour"":""Average"",""ClothingStyle"":""Average"",""ImageQuality"":""Average"",""Emotion"":""Neutral"",""ClothingStyle2"":""Daily"",""BodyPose"":""Side""}"
images/Set1/6450_1.jpg,-1,"{}",1,0,"{""name"":""rect"",""x"":201,""y"":2,""width"":143,""height"":83}","{""Age"":""35-45"",""Weight"":""underweight"",""Gender"":""male"",""Economy-Class"":""lower middle class"",""Education"":""Uneducation"",""CarryingBag"":""None"",""Accessories"":{""OtherJewellery"":true},""Footwear"":""CantSee"",""Demeanour"":""Average"",""ClothingStyle"":""Average"",""ImageQuality"":""Average"",""Emotion"":""Neutral"",""ClothingStyle2"":""Daily"",""BodyPose"":""Side""}"
images/Set1/4770_0.jpg,-1,"{}",1,0,"{""name"":""rect"",""x"":153,""y"":4,""width"":181,""height"":141}","{""Age"":""45-55"",""Weight"":""underweight"",""Gender"":""male"",""Economy-Class"":""lower middle class"",""Education"":""Uneducation"",""CarryingBag"":""None"",""Accessories"":{""Nothing"":true},""Footwear"":""CantSee"",""Demeanour"":""Average"",""ClothingStyle"":""Average"",""ImageQuality"":""Average"",""Emotion"":""Neutral"",""ClothingStyle2"":""Daily"",""BodyPose"":""Back""}"
images/Set1/68670_4.jpg,-1,"{}",1,0,"{""name"":""rect"",""x"":46,""y"":3,""width"":129,""height"":144}","{""Age"":""15-25"",""Weight"":""underweight"",""Gender"":""male"",""Economy-Class"":""middle class"",""Education"":""Educated"",""CarryingBag"":""None"",""Accessories"":{""OtherJewellery"":true},""Footwear"":""CantSee"",""Demeanour"":""Average"",""ClothingStyle"":""Average"",""ImageQuality"":""Good"",""Emotion"":""Neutral"",""ClothingStyle2"":""Daily"",""BodyPose"":""Back""}"
images/Set1/5400_0 (3).jpg,-1,"{}",1,0,"{""name"":""rect"",""x"":69,""y"":16,""width"":89,""height"":94}","{""Age"":""45-55"",""Weight"":""normal-healthy"",""Gender"":""male"",""Economy-Class"":""middle class"",""Education"":""Educated"",""CarryingBag"":""Daily/Office/Work Bag"",""Accessories"":{""Watch"":true},""Footwear"":""Fancy"",""Demeanour"":""Classy-Groomed"",""ClothingStyle"":""Average"",""ImageQuality"":""Average"",""Emotion"":""Neutral"",""ClothingStyle2"":""Daily"",""BodyPose"":""Front-Frontish""}"
images/Set1/15750_0 (6).jpg,-1,"{}",1,0,"{""name"":""rect"",""x"":162,""y"":9,""width"":134,""height"":171}","{""Age"":""25-35"",""Weight"":""normal-healthy"",""Gender"":""female"",""Economy-Class"":""middle class"",""Education"":""Uneducation"",""CarryingBag"":""Daily/Office/Work Bag"",""Accessories"":{""Nothing"":true},""Footwear"":""CantSee"",""Demeanour"":""Average"",""ClothingStyle"":""Average"",""ImageQuality"":""Good"",""Emotion"":""Neutral"",""ClothingStyle2"":""Daily"",""BodyPose"":""Front-Frontish""}"
images/Set1/9540_1 (2).jpg,-1,"{}",1,0,"{""name"":""rect"",""x"":64,""y"":13,""width"":89,""height"":104}","{""Age"":""25-35"",""Weight"":""normal-healthy"",""Gender"":""female"",""Economy-Class"":""uber upper class"",""Education"":""Highly Educated"",""CarryingBag"":""Daily/Office/Work Bag"",""Accessories"":{""Watch"":true},""Footwear"":""Normal"",""Demeanour"":""Classy-Groomed"",""ClothingStyle"":""Classy-Fashionable"",""ImageQuality"":""Good"",""Emotion"":""Neutral"",""ClothingStyle2"":""Formal/Business"",""BodyPose"":""Front-Frontish""}"
images/Set1/IMG (2412).jpg,-1,"{}",1,0,"{""name"":""rect"",""x"":62,""y"":7,""width"":72,""height"":83}","{""Age"":""15-25"",""Weight"":""normal-healthy"",""Gender"":""male"",""Economy-Class"":""middle class"",""Education"":""Educated"",""CarryingBag"":""None"",""Accessories"":{""Nothing"":true},""Footwear"":""Normal"",""Demeanour"":""Average"",""ClothingStyle"":""Average"",""ImageQuality"":""Average"",""Emotion"":""Neutral"",""ClothingStyle2"":""Daily"",""BodyPose"":""Front-Frontish""}"
images/Set1/IMG (8457).jpg,-1,"{}",1,0,"{""name"":""rect"",""x"":54,""y"":13,""width"":127,""height"":81}","{""Age"":""15-25"",""Weight"":""normal-healthy"",""Gender"":""female"",""Economy-Class"":""middle class"",""Education"":""Educated"",""CarryingBag"":""None"",""Accessories"":{""Nothing"":true},""Footwear"":""Normal"",""Demeanour"":""Average"",""ClothingStyle"":""Average"",""ImageQuality"":""Average"",""Emotion"":""Neutral"",""ClothingStyle2"":""Daily"",""BodyPose"":""Back""}"
images/Set1/7260_1 (5).jpg,-1,"{}",3,0,"{""name"":""rect"",""x"":686,""y"":17,""width"":428,""height"":430}","{""Age"":""15-25"",""Weight"":""normal-healthy"",""Gender"":""female"",""Economy-Class"":""uber upper class"",""Education"":""Highly Educated"",""CarryingBag"":""Daily/Office/Work Bag"",""Accessories"":{""Nothing"":true},""Footwear"":""CantSee"",""Demeanour"":""Classy-Groomed"",""ClothingStyle"":""Classy-Fashionable"",""ImageQuality"":""Good"",""Emotion"":""Neutral"",""ClothingStyle2"":""Formal/Business"",""BodyPose"":""Side""}"
images/Set1/7260_1 (5).jpg,-1,"{}",3,1,"{""name"":""rect"",""x"":411,""y"":29,""width"":189,""height"":191}","{""Age"":""15-25"",""Weight"":""normal-healthy"",""Gender"":""female"",""Economy-Class"":""middle class"",""Education"":""Educated"",""CarryingBag"":""None"",""Accessories"":{""Nothing"":true,""Sunglasses"":true},""Footwear"":""Normal"",""Demeanour"":""Average"",""ClothingStyle"":""Average"",""ImageQuality"":""Good"",""Emotion"":""Neutral"",""ClothingStyle2"":""Daily"",""BodyPose"":""Front-Frontish""}"
images/Set1/7260_1 (5).jpg,-1,"{}",3,2,"{""name"":""rect"",""x"":243,""y"":112,""width"":104,""height"":118}","{""Age"":""45-55"",""Weight"":""normal-healthy"",""Gender"":""male"",""Economy-Class"":""middle class"",""Education"":""Educated"",""CarryingBag"":""None"",""Accessories"":{""Sunglasses"":true},""Footwear"":""Normal"",""Demeanour"":""Classy-Groomed"",""ClothingStyle"":""Classy-Fashionable"",""ImageQuality"":""Good"",""Emotion"":""Neutral"",""ClothingStyle2"":""Daily"",""BodyPose"":""Side""}"
images/Set1/IMG (462).jpg,-1,"{}",1,0,"{""name"":""rect"",""x"":58,""y"":3,""width"":71,""height"":65}","{""Age"":""Under 15"",""Weight"":""underweight"",""Gender"":""male"",""Economy-Class"":""middle class"",""Education"":""Educated"",""CarryingBag"":""None"",""Accessories"":{},""Footwear"":""CantSee"",""Demeanour"":""Average"",""ClothingStyle"":""Average"",""ImageQuality"":""Average"",""Emotion"":""Neutral"",""ClothingStyle2"":""Daily"",""BodyPose"":""Side""}"
images/Set1/5580_1 (2).jpg,-1,"{}",1,0,"{""name"":""rect"",""x"":193,""y"":2,""width"":129,""height"":120}","{""Age"":""15-25"",""Weight"":""normal-healthy"",""Gender"":""female"",""Economy-Class"":""upper class"",""Education"":""Educated"",""CarryingBag"":""Daily/Office/Work Bag"",""Accessories"":{""Nothing"":true},""Footwear"":""CantSee"",""Demeanour"":""Classy-Groomed"",""ClothingStyle"":""Classy-Fashionable"",""ImageQuality"":""Average"",""Emotion"":""Neutral"",""ClothingStyle2"":""Daily"",""BodyPose"":""Side""}"
images/Set1/16410_0 (6).jpg,-1,"{}",1,0,"{""name"":""rect"",""x"":280,""y"":15,""width"":380,""height"":316}","{""Age"":""45-55"",""Weight"":""over-weight"",""Gender"":""female"",""Economy-Class"":""middle class"",""Education"":""Uneducation"",""CarryingBag"":""None"",""Accessories"":{""Nothing"":true},""Footwear"":""CantSee"",""Demeanour"":""Average"",""ClothingStyle"":""Average"",""ImageQuality"":""Good"",""Emotion"":""Neutral"",""ClothingStyle2"":""Daily"",""BodyPose"":""Front-Frontish""}"
images/Set1/3540_0 (9).jpg,-1,"{}",1,0,"{""name"":""rect"",""x"":57,""y"":5,""width"":71,""height"":70}","{""Age"":""15-25"",""Weight"":""normal-healthy"",""Gender"":""female"",""Economy-Class"":""middle class"",""Education"":""Educated"",""CarryingBag"":""Daily/Office/Work Bag"",""Accessories"":{""OtherJewellery"":true},""Footwear"":""Normal"",""Demeanour"":""Average"",""ClothingStyle"":""Average"",""ImageQuality"":""Average"",""Emotion"":""Neutral"",""ClothingStyle2"":""Daily"",""BodyPose"":""Front-Frontish""}"
images/Set1/660_0 (9).jpg,-1,"{}",1,0,"{""name"":""rect"",""x"":62,""y"":52,""width"":102,""height"":110}","{""Age"":""45-55"",""Weight"":""normal-healthy"",""Gender"":""male"",""Economy-Class"":""upper class"",""Education"":""Educated"",""CarryingBag"":""None"",""Accessories"":{""Nothing"":true},""Footwear"":""CantSee"",""Demeanour"":""Average"",""ClothingStyle"":""Average"",""ImageQuality"":""Average"",""Emotion"":""Neutral"",""ClothingStyle2"":""Daily"",""BodyPose"":""Front-Frontish""}"
images/Set1/7140_1.jpg,-1,"{}",1,0,"{""name"":""rect"",""x"":10,""y"":23,""width"":81,""height"":77}","{""Age"":""55+"",""Weight"":""normal-healthy"",""Gender"":""male"",""Economy-Class"":""middle class"",""Education"":""Educated"",""CarryingBag"":""Daily/Office/Work Bag"",""Accessories"":{""Watch"":true},""Footwear"":""Normal"",""Demeanour"":""Average"",""ClothingStyle"":""Average"",""ImageQuality"":""Average"",""Emotion"":""Neutral"",""ClothingStyle2"":""Daily"",""BodyPose"":""Side""}"
images/Set1/IMG (2560).jpg,-1,"{}",1,0,"{""name"":""rect"",""x"":29,""y"":0,""width"":49,""height"":63}","{""Age"":""45-55"",""Weight"":""underweight"",""Gender"":""male"",""Economy-Class"":""lower middle class"",""Education"":""Uneducation"",""CarryingBag"":""None"",""Accessories"":{""Nothing"":true},""Footwear"":""Normal"",""Demeanour"":""Unkept"",""ClothingStyle"":""Below Average"",""ImageQuality"":""Average"",""Emotion"":""Sad"",""ClothingStyle2"":""Daily"",""BodyPose"":""Front-Frontish""}"
images/Set1/5370_0 (3).jpg,-1,"{}",1,0,"{""name"":""rect"",""x"":126,""y"":5,""width"":213,""height"":186}","{""Age"":""15-25"",""Weight"":""normal-healthy"",""Gender"":""female"",""Economy-Class"":""middle class"",""Education"":""Educated"",""CarryingBag"":""Daily/Office/Work Bag"",""Accessories"":{""Nothing"":true},""Footwear"":""CantSee"",""Demeanour"":""Average"",""ClothingStyle"":""Average"",""ImageQuality"":""Average"",""Emotion"":""Sad"",""ClothingStyle2"":""Daily"",""BodyPose"":""Front-Frontish""}"
images/Set1/16140_0 (4).jpg,-1,"{}",1,0,"{""name"":""rect"",""x"":64,""y"":13,""width"":74,""height"":76}","{""Age"":""35-45"",""Weight"":""normal-healthy"",""Gender"":""female"",""Economy-Class"":""middle class"",""Education"":""Educated"",""CarryingBag"":""Daily/Office/Work Bag"",""Accessories"":{""Earings"":true},""Footwear"":""Normal"",""Demeanour"":""Average"",""ClothingStyle"":""Average"",""ImageQuality"":""Average"",""Emotion"":""Neutral"",""ClothingStyle2"":""Daily"",""BodyPose"":""Side""}"
images/Set1/IMG (2863).jpg,-1,"{}",1,0,"{""name"":""rect"",""x"":45,""y"":23,""width"":38,""height"":45}","{""Age"":""55+"",""Weight"":""underweight"",""Gender"":""female"",""Economy-Class"":""lower middle class"",""Education"":""Uneducation"",""CarryingBag"":""None"",""Accessories"":{""OtherJewellery"":true},""Footwear"":""CantSee"",""Demeanour"":""Unkept"",""ClothingStyle"":""Below Average"",""ImageQuality"":""Average"",""Emotion"":""Neutral"",""ClothingStyle2"":""Daily"",""BodyPose"":""Back""}"
images/Set1/IMG (6044).jpg,-1,"{}",3,0,"{""name"":""rect"",""x"":144,""y"":28,""width"":83,""height"":77}","{""Age"":""15-25"",""Weight"":""normal-healthy"",""Gender"":""female"",""Economy-Class"":""middle class"",""Education"":""Educated"",""CarryingBag"":""Daily/Office/Work Bag"",""Accessories"":{""Nothing"":true},""Footwear"":""CantSee"",""Demeanour"":""Average"",""ClothingStyle"":""Average"",""ImageQuality"":""Average"",""Emotion"":""Neutral"",""ClothingStyle2"":""Daily"",""BodyPose"":""Back""}"
images/Set1/IMG (6044).jpg,-1,"{}",3,1,"{""name"":""rect"",""x"":27,""y"":78,""width"":64,""height"":92}","{""Age"":""25-35"",""Weight"":""normal-healthy"",""Gender"":""male"",""Economy-Class"":""lower middle class"",""Education"":""Uneducation"",""CarryingBag"":""None"",""Accessories"":{""Nothing"":true},""Footwear"":""Normal"",""Demeanour"":""Average"",""ClothingStyle"":""Average"",""ImageQuality"":""Average"",""Emotion"":""Neutral"",""ClothingStyle2"":""Daily"",""BodyPose"":""Side""}"
images/Set1/IMG (6044).jpg,-1,"{}",3,2,"{""name"":""rect"",""x"":295,""y"":241,""width"":70,""height"":72}","{""Age"":""55+"",""Weight"":""normal-healthy"",""Gender"":""male"",""Economy-Class"":""middle class"",""Education"":""Educated"",""CarryingBag"":""None"",""Accessories"":{},""Footwear"":""CantSee"",""Demeanour"":""Average"",""ClothingStyle"":""Average"",""ImageQuality"":""Average"",""Emotion"":""Neutral"",""ClothingStyle2"":""Daily"",""BodyPose"":""Side""}"
images/Set1/12840_6.jpg,-1,"{}",1,0,"{""name"":""rect"",""x"":27,""y"":74,""width"":38,""height"":46}","{""Age"":""15-25"",""Weight"":""normal-healthy"",""Gender"":""female"",""Economy-Class"":""middle class"",""Education"":""Educated"",""CarryingBag"":""None"",""Accessories"":{""Nothing"":true},""Footwear"":""Normal"",""Demeanour"":""Average"",""ClothingStyle"":""Average"",""ImageQuality"":""Average"",""Emotion"":""Neutral"",""ClothingStyle2"":""Daily"",""BodyPose"":""Front-Frontish""}"
images/Set1/2970_3 (3).jpg,-1,"{}",1,0,"{""name"":""rect"",""x"":87,""y"":32,""width"":43,""height"":56}","{""Age"":""25-35"",""Weight"":""underweight"",""Gender"":""female"",""Economy-Class"":""upper class"",""Education"":""Educated"",""CarryingBag"":""Grocery/Home/Plastic Bag"",""Accessories"":{},""Footwear"":""CantSee"",""Demeanour"":""Average"",""ClothingStyle"":""Average"",""ImageQuality"":""Average"",""Emotion"":""Neutral"",""ClothingStyle2"":""Formal/Business"",""BodyPose"":""Front-Frontish""}"
images/Set1/50130_0.jpg,-1,"{}",1,0,"{""name"":""rect"",""x"":289,""y"":34,""width"":291,""height"":291}","{""Age"":""15-25"",""Weight"":""normal-healthy"",""Gender"":""female"",""Economy-Class"":""middle class"",""Education"":""Educated"",""CarryingBag"":""None"",""Accessories"":{""Nothing"":true},""Footwear"":""CantSee"",""Demeanour"":""Average"",""ClothingStyle"":""Average"",""ImageQuality"":""Bad"",""Emotion"":""Neutral"",""ClothingStyle2"":""Daily"",""BodyPose"":""Front-Frontish""}"
images/Set1/4920_0.jpg,-1,"{}",1,0,"{""name"":""rect"",""x"":111,""y"":14,""width"":125,""height"":141}","{""Age"":""15-25"",""Weight"":""underweight"",""Gender"":""female"",""Economy-Class"":""middle class"",""Education"":""Educated"",""CarryingBag"":""None"",""Accessories"":{""Nothing"":true},""Footwear"":""CantSee"",""Demeanour"":""Average"",""ClothingStyle"":""Average"",""ImageQuality"":""Good"",""Emotion"":""Neutral"",""ClothingStyle2"":""Daily"",""BodyPose"":""Back""}"
images/Set1/IMG (6193).jpg,-1,"{}",1,0,"{""name"":""rect"",""x"":225,""y"":9,""width"":146,""height"":144}","{""Age"":""45-55"",""Weight"":""slightly-overweight"",""Gender"":""male"",""Economy-Class"":""middle class"",""Education"":""Uneducation"",""CarryingBag"":""None"",""Accessories"":{""Nothing"":true},""Footwear"":""CantSee"",""Demeanour"":""Average"",""ClothingStyle"":""Average"",""ImageQuality"":""Good"",""Emotion"":""Angry/Serious"",""ClothingStyle2"":""Daily"",""BodyPose"":""Front-Frontish""}"
images/Set1/IMG (7980).jpg,-1,"{}",1,0,"{""name"":""rect"",""x"":98,""y"":3,""width"":87,""height"":10}","{""Age"":""35-45"",""Weight"":""slightly-overweight"",""Gender"":""male"",""Economy-Class"":""middle class"",""Education"":""Educated"",""CarryingBag"":""None"",""Accessories"":{""Watch"":true},""Footwear"":""CantSee"",""Demeanour"":""Classy-Groomed"",""ClothingStyle"":""Classy-Fashionable"",""ImageQuality"":""Average"",""Emotion"":""Neutral"",""ClothingStyle2"":""Formal/Business"",""BodyPose"":""Back""}"
images/Set1/30000_0.jpg,-1,"{}",2,0,"{""name"":""rect"",""x"":226,""y"":11,""width"":115,""height"":126}","{""Age"":""25-35"",""Weight"":""normal-healthy"",""Gender"":""female"",""Economy-Class"":""middle class"",""Education"":""Educated"",""CarryingBag"":""Daily/Office/Work Bag"",""Accessories"":{""Nothing"":true},""Footwear"":""CantSee"",""Demeanour"":""Average"",""ClothingStyle"":""Average"",""ImageQuality"":""Average"",""Emotion"":""Neutral"",""ClothingStyle2"":""Daily"",""BodyPose"":""Back""}"
images/Set1/30000_0.jpg,-1,"{}",2,1,"{""name"":""rect"",""x"":1,""y"":142,""width"":42,""height"":83}","{""Age"":""45-55"",""Weight"":""underweight"",""Gender"":""male"",""Economy-Class"":""lower middle class"",""Education"":""Uneducation"",""CarryingBag"":""None"",""Accessories"":{""Nothing"":true},""Footwear"":""CantSee"",""Demeanour"":""Unkept"",""ClothingStyle"":""Below Average"",""ImageQuality"":""Average"",""Emotion"":""Neutral"",""ClothingStyle2"":""Daily"",""BodyPose"":""Front-Frontish""}"
images/Set1/18300_0.jpg,-1,"{}",1,0,"{""name"":""rect"",""x"":22,""y"":6,""width"":131,""height"":104}","{""Age"":""35-45"",""Weight"":""normal-healthy"",""Gender"":""male"",""Economy-Class"":""lower middle class"",""Education"":""Uneducation"",""CarryingBag"":""None"",""Accessories"":{""Nothing"":true},""Footwear"":""CantSee"",""Demeanour"":""Unkept"",""ClothingStyle"":""Below Average"",""ImageQuality"":""Good"",""Emotion"":""Happy"",""ClothingStyle2"":""Daily"",""BodyPose"":""Front-Frontish""}"
images/Set1/6540_2.jpg,-1,"{}",1,0,"{""name"":""rect"",""x"":46,""y"":23,""width"":33,""height"":32}","{""Age"":""35-45"",""Weight"":""normal-healthy"",""Gender"":""female"",""Economy-Class"":""middle class"",""Education"":""Educated"",""CarryingBag"":""Daily/Office/Work Bag"",""Accessories"":{""Nothing"":true},""Footwear"":""Normal"",""Demeanour"":""Average"",""ClothingStyle"":""Average"",""ImageQuality"":""Bad"",""Emotion"":""Happy"",""ClothingStyle2"":""Daily"",""BodyPose"":""Front-Frontish""}"
images/Set1/35820_1 (2).jpg,-1,"{}",1,0,"{""name"":""rect"",""x"":76,""y"":5,""width"":29,""height"":31}","{""Age"":""25-35"",""Weight"":""normal-healthy"",""Gender"":""male"",""Economy-Class"":""middle class"",""Education"":""Uneducation"",""CarryingBag"":""None"",""Accessories"":{""Nothing"":true},""Footwear"":""CantSee"",""Demeanour"":""Average"",""ClothingStyle"":""Average"",""ImageQuality"":""Bad"",""Emotion"":""Sad"",""ClothingStyle2"":""Ethnic"",""BodyPose"":""Front-Frontish""}"
images/Set1/8700_6.jpg,-1,"{}",1,0,"{""name"":""rect"",""x"":36,""y"":5,""width"":76,""height"":85}","{""Age"":""25-35"",""Weight"":""underweight"",""Gender"":""female"",""Economy-Class"":""middle class"",""Education"":""Educated"",""CarryingBag"":""Daily/Office/Work Bag"",""Accessories"":{""Cap"":true},""Footwear"":""CantSee"",""Demeanour"":""Classy-Groomed"",""ClothingStyle"":""Classy-Fashionable"",""ImageQuality"":""Average"",""Emotion"":""Neutral"",""ClothingStyle2"":""Daily"",""BodyPose"":""Side""}"
images/Set1/IMG (5766).jpg,-1,"{}",1,0,"{""name"":""rect"",""x"":206,""y"":2,""width"":133,""height"":129}","{""Age"":""35-45"",""Weight"":""normal-healthy"",""Gender"":""female"",""Economy-Class"":""lower middle class"",""Education"":""Uneducation"",""CarryingBag"":""Daily/Office/Work Bag"",""Accessories"":{""Watch"":true},""Footwear"":""CantSee"",""Demeanour"":""Average"",""ClothingStyle"":""Average"",""ImageQuality"":""Good"",""Emotion"":""Sad"",""ClothingStyle2"":""Daily"",""BodyPose"":""Front-Frontish""}"
images/Set1/IMG (5036).jpg,-1,"{}",1,0,"{""name"":""rect"",""x"":37,""y"":29,""width"":73,""height"":87}","{""Age"":""55+"",""Weight"":""normal-healthy"",""Gender"":""male"",""Economy-Class"":""middle class"",""Education"":""Educated"",""CarryingBag"":""None"",""Accessories"":{""Nothing"":true},""Footwear"":""CantSee"",""Demeanour"":""Average"",""ClothingStyle"":""Classy-Fashionable"",""ImageQuality"":""Average"",""Emotion"":""Sad"",""ClothingStyle2"":""Formal/Business"",""BodyPose"":""Side""}"
images/Set1/IMG (2960).jpg,-1,"{}",1,0,"{""name"":""rect"",""x"":85,""y"":15,""width"":68,""height"":78}","{""Age"":""55+"",""Weight"":""slightly-overweight"",""Gender"":""male"",""Economy-Class"":""lower middle class"",""Education"":""Uneducation"",""CarryingBag"":""None"",""Accessories"":{},""Footwear"":""CantSee"",""Demeanour"":""Average"",""ClothingStyle"":""Average"",""ImageQuality"":""Average"",""Emotion"":""Neutral"",""ClothingStyle2"":""Formal/Business"",""BodyPose"":""Front-Frontish""}"
images/Set1/2700_0 (3).jpg,-1,"{}",1,0,"{""name"":""rect"",""x"":52,""y"":6,""width"":68,""height"":73}","{""Age"":""35-45"",""Weight"":""normal-healthy"",""Gender"":""male"",""Economy-Class"":""middle class"",""Education"":""Uneducation"",""CarryingBag"":""None"",""Accessories"":{""Nothing"":true},""Footwear"":""Normal"",""Demeanour"":""Average"",""ClothingStyle"":""Average"",""ImageQuality"":""Bad"",""Emotion"":""Neutral"",""ClothingStyle2"":""Daily"",""BodyPose"":""Front-Frontish""}"
images/Set1/IMG (68).jpg,-1,"{}",1,0,"{""name"":""rect"",""x"":51,""y"":4,""width"":64,""height"":61}","{""Age"":""45-55"",""Weight"":""slightly-overweight"",""Gender"":""female"",""Economy-Class"":""middle class"",""Education"":""Educated"",""CarryingBag"":""Daily/Office/Work Bag"",""Accessories"":{""Earings"":true,""OtherJewellery"":true},""Footwear"":""Normal"",""Demeanour"":""Average"",""ClothingStyle"":""Average"",""ImageQuality"":""Average"",""Emotion"":""Neutral"",""ClothingStyle2"":""Daily"",""BodyPose"":""Front-Frontish""}"
images/Set1/IMG (7629).jpg,-1,"{}",1,0,"{""name"":""rect"",""x"":83,""y"":2,""width"":79,""height"":70}","{""Age"":""45-55"",""Weight"":""slightly-overweight"",""Gender"":""male"",""Economy-Class"":""lower middle class"",""Education"":""Uneducation"",""CarryingBag"":""Grocery/Home/Plastic Bag"",""Accessories"":{""Nothing"":true},""Footwear"":""Normal"",""Demeanour"":""Average"",""ClothingStyle"":""Average"",""ImageQuality"":""Good"",""Emotion"":""Angry/Serious"",""ClothingStyle2"":""Daily"",""BodyPose"":""Front-Frontish""}"
images/Set1/7260_5 (2).jpg,-1,"{}",1,0,"{""name"":""rect"",""x"":157,""y"":26,""width"":52,""height"":69}","{""Age"":""15-25"",""Weight"":""normal-healthy"",""Gender"":""female"",""Economy-Class"":""upper class"",""Education"":""Educated"",""CarryingBag"":""Grocery/Home/Plastic Bag"",""Accessories"":{""Sunglasses"":true},""Footwear"":""Normal"",""Demeanour"":""Classy-Groomed"",""ClothingStyle"":""Classy-Fashionable"",""ImageQuality"":""Good"",""Emotion"":""Neutral"",""ClothingStyle2"":""Daily"",""BodyPose"":""Front-Frontish""}"
images/Set1/25770_2 (2).jpg,-1,"{}",1,0,"{""name"":""rect"",""x"":88,""y"":24,""width"":102,""height"":105}","{""Age"":""35-45"",""Weight"":""slightly-overweight"",""Gender"":""male"",""Economy-Class"":""middle class"",""Education"":""Educated"",""CarryingBag"":""None"",""Accessories"":{""Nothing"":true},""Footwear"":""CantSee"",""Demeanour"":""Average"",""ClothingStyle"":""Average"",""ImageQuality"":""Average"",""Emotion"":""Neutral"",""ClothingStyle2"":""Daily"",""BodyPose"":""Front-Frontish""}"
images/Set1/720_1 (3).jpg,-1,"{}",1,0,"{""name"":""rect"",""x"":84,""y"":1,""width"":75,""height"":73}","{""Age"":""35-45"",""Weight"":""normal-healthy"",""Gender"":""female"",""Economy-Class"":""middle class"",""Education"":""Educated"",""CarryingBag"":""None"",""Accessories"":{""Nothing"":true},""Footwear"":""Normal"",""Demeanour"":""Average"",""ClothingStyle"":""Average"",""ImageQuality"":""Average"",""Emotion"":""Neutral"",""ClothingStyle2"":""Daily"",""BodyPose"":""Front-Frontish""}"
images/Set1/2520_2 (4).jpg,-1,"{}",1,0,"{""name"":""rect"",""x"":73,""y"":4,""width"":49,""height"":59}","{""Age"":""25-35"",""Weight"":""normal-healthy"",""Gender"":""male"",""Economy-Class"":""upper class"",""Education"":""Educated"",""CarryingBag"":""Daily/Office/Work Bag"",""Accessories"":{""Nothing"":true},""Footwear"":""Fancy"",""Demeanour"":""Classy-Groomed"",""ClothingStyle"":""Average"",""ImageQuality"":""Bad"",""Emotion"":""Happy"",""ClothingStyle2"":""Daily"",""BodyPose"":""Front-Frontish""}"
images/Set1/IMG (606).jpg,-1,"{}",1,0,"{""name"":""rect"",""x"":53,""y"":3,""width"":52,""height"":61}","{""Age"":""25-35"",""Weight"":""underweight"",""Gender"":""male"",""Economy-Class"":""lower middle class"",""Education"":""Uneducation"",""CarryingBag"":""None"",""Accessories"":{""OtherJewellery"":true},""Footwear"":""Normal"",""Demeanour"":""Unkept"",""ClothingStyle"":""Average"",""ImageQuality"":""Good"",""Emotion"":""Neutral"",""ClothingStyle2"":""Daily"",""BodyPose"":""Front-Frontish""}"
images/Set1/19650_0.jpg,-1,"{}",1,0,"{""name"":""rect"",""x"":98,""y"":4,""width"":202,""height"":200}","{""Age"":""45-55"",""Weight"":""slightly-overweight"",""Gender"":""male"",""Economy-Class"":""middle class"",""Education"":""Educated"",""CarryingBag"":""None"",""Accessories"":{""Nothing"":true},""Footwear"":""CantSee"",""Demeanour"":""Average"",""ClothingStyle"":""Average"",""ImageQuality"":""Good"",""Emotion"":""Neutral"",""ClothingStyle2"":""Formal/Business"",""BodyPose"":""Back""}"
images/Set1/8490_0 (3).jpg,-1,"{}",1,0,"{""name"":""rect"",""x"":84,""y"":17,""width"":65,""height"":54}","{""Age"":""25-35"",""Weight"":""normal-healthy"",""Gender"":""female"",""Economy-Class"":""middle class"",""Education"":""Educated"",""CarryingBag"":""Daily/Office/Work Bag"",""Accessories"":{""Nothing"":true},""Footwear"":""Normal"",""Demeanour"":""Average"",""ClothingStyle"":""Classy-Fashionable"",""ImageQuality"":""Average"",""Emotion"":""Neutral"",""ClothingStyle2"":""Daily"",""BodyPose"":""Back""}"
images/Set1/13080_2.jpg,-1,"{}",1,0,"{""name"":""rect"",""x"":149,""y"":32,""width"":187,""height"":207}","{""Age"":""55+"",""Weight"":""slightly-overweight"",""Gender"":""male"",""Economy-Class"":""middle class"",""Education"":""Uneducation"",""CarryingBag"":""None"",""Accessories"":{""Nothing"":true},""Footwear"":""CantSee"",""Demeanour"":""Average"",""ClothingStyle"":""Average"",""ImageQuality"":""Good"",""Emotion"":""Sad"",""ClothingStyle2"":""Formal/Business"",""BodyPose"":""Front-Frontish""}"
images/Set1/150_1.jpg,-1,"{}",1,0,"{""name"":""rect"",""x"":3,""y"":65,""width"":128,""height"":118}","{""Age"":""25-35"",""Weight"":""normal-healthy"",""Gender"":""female"",""Economy-Class"":""middle class"",""Education"":""Educated"",""CarryingBag"":""Daily/Office/Work Bag"",""Accessories"":{""Watch"":true},""Footwear"":""CantSee"",""Demeanour"":""Average"",""ClothingStyle"":""Average"",""ImageQuality"":""Good"",""Emotion"":""Neutral"",""ClothingStyle2"":""Daily"",""BodyPose"":""Back""}"
images/Set1/6900_1 (5).jpg,-1,"{}",1,0,"{""name"":""rect"",""x"":227,""y"":7,""width"":157,""height"":166}","{""Age"":""45-55"",""Weight"":""slightly-overweight"",""Gender"":""male"",""Economy-Class"":""middle class"",""Education"":""Uneducation"",""CarryingBag"":""None"",""Accessories"":{},""Footwear"":""CantSee"",""Demeanour"":""Average"",""ClothingStyle"":""Average"",""ImageQuality"":""Good"",""Emotion"":""Neutral"",""ClothingStyle2"":""Daily"",""BodyPose"":""Side""}"
images/Set1/6570_0 (5).jpg,-1,"{}",1,0,"{""name"":""rect"",""x"":46,""y"":15,""width"":42,""height"":52}","{""Age"":""35-45"",""Weight"":""normal-healthy"",""Gender"":""female"",""Economy-Class"":""middle class"",""Education"":""Educated"",""CarryingBag"":""None"",""Accessories"":{""Nothing"":true,""Watch"":true},""Footwear"":""Normal"",""Demeanour"":""Average"",""ClothingStyle"":""Average"",""ImageQuality"":""Average"",""Emotion"":""Happy"",""ClothingStyle2"":""Daily"",""BodyPose"":""Front-Frontish""}"
images/Set1/25650_2.jpg,-1,"{}",1,0,"{""name"":""rect"",""x"":75,""y"":21,""width"":124,""height"":109}","{""Age"":""45-55"",""Weight"":""underweight"",""Gender"":""male"",""Economy-Class"":""lower middle class"",""Education"":""Uneducation"",""CarryingBag"":""None"",""Accessories"":{""Nothing"":true},""Footwear"":""CantSee"",""Demeanour"":""Unkept"",""ClothingStyle"":""Below Average"",""ImageQuality"":""Good"",""Emotion"":""Angry/Serious"",""ClothingStyle2"":""Daily"",""BodyPose"":""Side""}"
images/Set1/IMG (4748).jpg,-1,"{}",1,0,"{""name"":""rect"",""x"":61,""y"":2,""width"":59,""height"":57}","{""Age"":""25-35"",""Weight"":""underweight"",""Gender"":""male"",""Economy-Class"":""middle class"",""Education"":""Educated"",""CarryingBag"":""None"",""Accessories"":{""Nothing"":true},""Footwear"":""Normal"",""Demeanour"":""Average"",""ClothingStyle"":""Average"",""ImageQuality"":""Average"",""Emotion"":""Neutral"",""ClothingStyle2"":""Formal/Business"",""BodyPose"":""Back""}"
images/Set1/2820_0 (5).jpg,-1,"{}",1,0,"{""name"":""rect"",""x"":74,""y"":9,""width"":85,""height"":80}","{""Age"":""35-45"",""Weight"":""slightly-overweight"",""Gender"":""male"",""Economy-Class"":""upper class"",""Education"":""Highly Educated"",""CarryingBag"":""Shopping "",""Accessories"":{""Cap"":true},""Footwear"":""Fancy"",""Demeanour"":""Classy-Groomed"",""ClothingStyle"":""Average"",""ImageQuality"":""Average"",""Emotion"":""Happy"",""ClothingStyle2"":""Daily"",""BodyPose"":""Front-Frontish""}"
images/Set2/18870_2.jpg,-1,"{}",1,0,"{""name"":""rect"",""x"":244,""y"":5,""width"":125,""height"":137}","{""Age"":""55+"",""Weight"":""underweight"",""Gender"":""male"",""Economy-Class"":""uber upper class"",""Education"":""Highly Educated"",""CarryingBag"":""None"",""Accessories"":{""Nothing"":true},""Footwear"":""CantSee"",""Demeanour"":""Classy-Groomed"",""ClothingStyle"":""Classy-Fashionable"",""ImageQuality"":""Bad"",""Emotion"":""Angry/Serious"",""ClothingStyle2"":""Formal/Business"",""BodyPose"":""Front-Frontish""}"
images/Set2/19380_1.jpg,-1,"{}",1,0,"{""name"":""rect"",""x"":212,""y"":41,""width"":347,""height"":375}","{""Age"":""25-35"",""Weight"":""normal-healthy"",""Gender"":""female"",""Economy-Class"":""upper class"",""Education"":""Educated"",""CarryingBag"":""Daily/Office/Work Bag"",""Accessories"":{""Earings"":true},""Footwear"":""CantSee"",""Demeanour"":""Classy-Groomed"",""ClothingStyle"":""Classy-Fashionable"",""ImageQuality"":""Good"",""Emotion"":""Neutral"",""ClothingStyle2"":""Daily"",""BodyPose"":""Side""}"
images/Set2/1650_4.jpg,-1,"{}",2,0,"{""name"":""rect"",""x"":96,""y"":48,""width"":105,""height"":94}","{""Age"":""15-25"",""Weight"":""underweight"",""Gender"":""female"",""Economy-Class"":""upper class"",""Education"":""Educated"",""CarryingBag"":""Daily/Office/Work Bag"",""Accessories"":{},""Footwear"":""CantSee"",""Demeanour"":""Average"",""ClothingStyle"":""Classy-Fashionable"",""ImageQuality"":""Good"",""Emotion"":""Happy"",""ClothingStyle2"":""Daily"",""BodyPose"":""Front-Frontish""}"
images/Set2/1650_4.jpg,-1,"{}",2,1,"{""name"":""rect"",""x"":3,""y"":10,""width"":79,""height"":110}","{""Age"":""35-45"",""Weight"":""normal-healthy"",""Gender"":""female"",""Economy-Class"":""middle class"",""Education"":""Uneducation"",""CarryingBag"":""Daily/Office/Work Bag"",""Accessories"":{""Sunglasses"":true},""Footwear"":""CantSee"",""Demeanour"":""Average"",""ClothingStyle"":""Average"",""ImageQuality"":""Average"",""Emotion"":""Neutral"",""ClothingStyle2"":""Daily"",""BodyPose"":""Side""}"
images/Set2/18900_1.jpg,-1,"{}",1,0,"{""name"":""rect"",""x"":93,""y"":5,""width"":94,""height"":107}","{""Age"":""25-35"",""Weight"":""normal-healthy"",""Gender"":""male"",""Economy-Class"":""upper class"",""Education"":""Educated"",""CarryingBag"":""None"",""Accessories"":{""Watch"":true,""Sunglasses"":true},""Footwear"":""CantSee"",""Demeanour"":""Classy-Groomed"",""ClothingStyle"":""Classy-Fashionable"",""ImageQuality"":""Good"",""Emotion"":""Neutral"",""ClothingStyle2"":""Daily"",""BodyPose"":""Front-Frontish""}"
images/Set2/8430_2.jpg,-1,"{}",1,0,"{""name"":""rect"",""x"":409,""y"":2,""width"":218,""height"":272}","{""Age"":""15-25"",""Weight"":""normal-healthy"",""Gender"":""female"",""Economy-Class"":""uber upper class"",""Education"":""Educated"",""CarryingBag"":""None"",""Accessories"":{""Sunglasses"":true},""Footwear"":""CantSee"",""Demeanour"":""Classy-Groomed"",""ClothingStyle"":""Average"",""ImageQuality"":""Good"",""Emotion"":""Sad"",""ClothingStyle2"":""Daily"",""BodyPose"":""Front-Frontish""}"
images/Set2/18600_7.jpg,-1,"{}",1,0,"{""name"":""rect"",""x"":26,""y"":17,""width"":102,""height"":125}","{""Age"":""25-35"",""Weight"":""normal-healthy"",""Gender"":""male"",""Economy-Class"":""upper class"",""Education"":""Educated"",""CarryingBag"":""None"",""Accessories"":{""Sunglasses"":true},""Footwear"":""CantSee"",""Demeanour"":""Average"",""ClothingStyle"":""Classy-Fashionable"",""ImageQuality"":""Average"",""Emotion"":""Happy"",""ClothingStyle2"":""Daily"",""BodyPose"":""Front-Frontish""}"
images/Set2/41550_1.jpg,-1,"{}",1,0,"{""name"":""rect"",""x"":279,""y"":6,""width"":142,""height"":174}","{""Age"":""25-35"",""Weight"":""normal-healthy"",""Gender"":""female"",""Economy-Class"":""upper class"",""Education"":""Educated"",""CarryingBag"":""Daily/Office/Work Bag"",""Accessories"":{""Watch"":true},""Footwear"":""CantSee"",""Demeanour"":""Classy-Groomed"",""ClothingStyle"":""Classy-Fashionable"",""ImageQuality"":""Good"",""Emotion"":""Neutral"",""ClothingStyle2"":""Formal/Business"",""BodyPose"":""Back""}"
images/Set2/22500_2 (2).jpg,-1,"{}",1,0,"{""name"":""rect"",""x"":130,""y"":2,""width"":305,""height"":343}","{""Age"":""45-55"",""Weight"":""normal-healthy"",""Gender"":""female"",""Economy-Class"":""upper class"",""Education"":""Educated"",""CarryingBag"":""Daily/Office/Work Bag"",""Accessories"":{""Nothing"":true},""Footwear"":""CantSee"",""Demeanour"":""Average"",""ClothingStyle"":""Classy-Fashionable"",""ImageQuality"":""Good"",""Emotion"":""Neutral"",""ClothingStyle2"":""Daily"",""BodyPose"":""Side""}"
images/Set2/27180_1.jpg,-1,"{}",1,0,"{""name"":""rect"",""x"":93,""y"":20,""width"":110,""height"":103}","{""Age"":""15-25"",""Weight"":""normal-healthy"",""Gender"":""female"",""Economy-Class"":""upper class"",""Education"":""Educated"",""CarryingBag"":""Daily/Office/Work Bag"",""Accessories"":{""Watch"":true},""Footwear"":""CantSee"",""Demeanour"":""Classy-Groomed"",""ClothingStyle"":""Classy-Fashionable"",""ImageQuality"":""Bad"",""Emotion"":""Neutral"",""ClothingStyle2"":""Formal/Business"",""BodyPose"":""Back""}"
images/Set2/6480_0 (2).jpg,-1,"{}",1,0,"{""name"":""rect"",""x"":320,""y"":7,""width"":217,""height"":245}","{""Age"":""35-45"",""Weight"":""slightly-overweight"",""Gender"":""female"",""Economy-Class"":""upper class"",""Education"":""Educated"",""CarryingBag"":""None"",""Accessories"":{""Sunglasses"":true,""Watch"":true},""Footwear"":""CantSee"",""Demeanour"":""Classy-Groomed"",""ClothingStyle"":""Classy-Fashionable"",""ImageQuality"":""Good"",""Emotion"":""Happy"",""ClothingStyle2"":""Formal/Business"",""BodyPose"":""Front-Frontish""}"
images/Set2/36720_2.jpg,-1,"{}",2,0,"{""name"":""rect"",""x"":114,""y"":8,""width"":67,""height"":59}","{""Age"":""35-45"",""Weight"":""normal-healthy"",""Gender"":""female"",""Economy-Class"":""upper class"",""Education"":""Educated"",""CarryingBag"":""Daily/Office/Work Bag"",""Accessories"":{""Nothing"":true},""Footwear"":""Fancy"",""Demeanour"":""Classy-Groomed"",""ClothingStyle"":""Classy-Fashionable"",""ImageQuality"":""Good"",""Emotion"":""Neutral"",""ClothingStyle2"":""Daily"",""BodyPose"":""Side""}"
images/Set2/36720_2.jpg,-1,"{}",2,1,"{""name"":""rect"",""x"":68,""y"":11,""width"":39,""height"":41}","{""Age"":""25-35"",""Weight"":""normal-healthy"",""Gender"":""male"",""Economy-Class"":""middle class"",""Education"":""Educated"",""CarryingBag"":""None"",""Accessories"":{""Sunglasses"":true,""Cap"":true},""Footwear"":""Fancy"",""Demeanour"":""Classy-Groomed"",""ClothingStyle"":""Classy-Fashionable"",""ImageQuality"":""Good"",""Emotion"":""Neutral"",""ClothingStyle2"":""Daily"",""BodyPose"":""Side""}"
images/Set2/33270_0.jpg,-1,"{}",1,0,"{""name"":""rect"",""x"":374,""y"":16,""width"":265,""height"":298}","{""Age"":""25-35"",""Weight"":""normal-healthy"",""Gender"":""female"",""Economy-Class"":""uber upper class"",""Education"":""Educated"",""CarryingBag"":""None"",""Accessories"":{""Sunglasses"":true},""Footwear"":""CantSee"",""Demeanour"":""Classy-Groomed"",""ClothingStyle"":""Classy-Fashionable"",""ImageQuality"":""Good"",""Emotion"":""Neutral"",""ClothingStyle2"":""Daily"",""BodyPose"":""Back""}"
images/Set2/23130_1 (2).jpg,-1,"{}",1,0,"{""name"":""rect"",""x"":446,""y"":42,""width"":247,""height"":301}","{""Age"":""45-55"",""Weight"":""slightly-overweight"",""Gender"":""male"",""Economy-Class"":""upper class"",""Education"":""Uneducation"",""CarryingBag"":""None"",""Accessories"":{""Nothing"":true},""Footwear"":""CantSee"",""Demeanour"":""Average"",""ClothingStyle"":""Average"",""ImageQuality"":""Good"",""Emotion"":""Angry/Serious"",""ClothingStyle2"":""Daily"",""BodyPose"":""Side""}"
images/Set2/28920_5.jpg,-1,"{}",1,0,"{""name"":""rect"",""x"":163,""y"":3,""width"":213,""height"":126}","{""Age"":""35-45"",""Weight"":""slightly-overweight"",""Gender"":""female"",""Economy-Class"":""upper class"",""Education"":""Educated"",""CarryingBag"":""Daily/Office/Work Bag"",""Accessories"":{""Sunglasses"":true},""Footwear"":""CantSee"",""Demeanour"":""Average"",""ClothingStyle"":""Classy-Fashionable"",""ImageQuality"":""Good"",""Emotion"":""Happy"",""ClothingStyle2"":""Daily"",""BodyPose"":""Front-Frontish""}"
images/Set3/7350_4.jpg,-1,"{}",1,0,"{""name"":""rect"",""x"":17,""y"":2,""width"":91,""height"":62}","{""Age"":""15-25"",""Weight"":""underweight"",""Gender"":""female"",""Economy-Class"":""upper class"",""Education"":""Educated"",""CarryingBag"":""Daily/Office/Work Bag"",""Accessories"":{""Watch"":true},""Footwear"":""Fancy"",""Demeanour"":""Classy-Groomed"",""ClothingStyle"":""Classy-Fashionable"",""ImageQuality"":""Average"",""Emotion"":""Neutral"",""ClothingStyle2"":""Formal/Business"",""BodyPose"":""Side""}"
images/Set3/570_2.jpg,-1,"{}",1,0,"{""name"":""rect"",""x"":63,""y"":2,""width"":48,""height"":40}","{""Age"":""25-35"",""Weight"":""normal-healthy"",""Gender"":""male"",""Economy-Class"":""upper class"",""Education"":""Highly Educated"",""CarryingBag"":""None"",""Accessories"":{""Watch"":true},""Footwear"":""Fancy"",""Demeanour"":""Classy-Groomed"",""ClothingStyle"":""Classy-Fashionable"",""ImageQuality"":""Average"",""Emotion"":""Neutral"",""ClothingStyle2"":""Formal/Business"",""BodyPose"":""Front-Frontish""}"
images/Set3/4170_0.jpg,-1,"{}",1,0,"{""name"":""rect"",""x"":82,""y"":13,""width"":78,""height"":105}","{""Age"":""35-45"",""Weight"":""normal-healthy"",""Gender"":""male"",""Economy-Class"":""upper class"",""Education"":""Educated"",""CarryingBag"":""None"",""Accessories"":{""Nothing"":true},""Footwear"":""Normal"",""Demeanour"":""Classy-Groomed"",""ClothingStyle"":""Classy-Fashionable"",""ImageQuality"":""Average"",""Emotion"":""Sad"",""ClothingStyle2"":""Formal/Business"",""BodyPose"":""Front-Frontish""}"
images/Set3/450_6.jpg,-1,"{}",1,0,"{""name"":""rect"",""x"":15,""y"":7,""width"":54,""height"":47}","{""Age"":""35-45"",""Weight"":""normal-healthy"",""Gender"":""male"",""Economy-Class"":""middle class"",""Education"":""Educated"",""CarryingBag"":""None"",""Accessories"":{""Cap"":true,""Watch"":true},""Footwear"":""Normal"",""Demeanour"":""Average"",""ClothingStyle"":""Average"",""ImageQuality"":""Bad"",""Emotion"":""Neutral"",""ClothingStyle2"":""Daily"",""BodyPose"":""Side""}"
images/Set3/61020_5.jpg,-1,"{}",1,0,"{""name"":""rect"",""x"":26,""y"":12,""width"":71,""height"":82}","{""Age"":""15-25"",""Weight"":""normal-healthy"",""Gender"":""female"",""Economy-Class"":""uber upper class"",""Education"":""Highly Educated"",""CarryingBag"":""Daily/Office/Work Bag"",""Accessories"":{""Watch"":true},""Footwear"":""Fancy"",""Demeanour"":""Classy-Groomed"",""ClothingStyle"":""Classy-Fashionable"",""ImageQuality"":""Average"",""Emotion"":""Neutral"",""ClothingStyle2"":""Daily"",""BodyPose"":""Front-Frontish""}"
images/Set3/8640_2.jpg,-1,"{}",1,0,"{""name"":""rect"",""x"":58,""y"":15,""width"":53,""height"":76}","{""Age"":""45-55"",""Weight"":""normal-healthy"",""Gender"":""male"",""Economy-Class"":""upper class"",""Education"":""Educated"",""CarryingBag"":""None"",""Accessories"":{""Watch"":true,""Cap"":true},""Footwear"":""Normal"",""Demeanour"":""Average"",""ClothingStyle"":""Average"",""ImageQuality"":""Average"",""Emotion"":""Neutral"",""ClothingStyle2"":""Daily"",""BodyPose"":""Front-Frontish""}"
images/Set3/1290_2.jpg,-1,"{}",1,0,"{""name"":""rect"",""x"":74,""y"":5,""width"":63,""height"":66}","{""Age"":""25-35"",""Weight"":""normal-healthy"",""Gender"":""female"",""Economy-Class"":""upper class"",""Education"":""Uneducation"",""CarryingBag"":""Shopping "",""Accessories"":{""Nothing"":true},""Footwear"":""Normal"",""Demeanour"":""Average"",""ClothingStyle"":""Classy-Fashionable"",""ImageQuality"":""Average"",""Emotion"":""Neutral"",""ClothingStyle2"":""Daily"",""BodyPose"":""Front-Frontish""}"
images/Set4/11070_1.jpg,-1,"{}",1,0,"{""name"":""rect"",""x"":143,""y"":9,""width"":183,""height"":158}","{""Age"":""25-35"",""Weight"":""over-weight"",""Gender"":""female"",""Economy-Class"":""middle class"",""Education"":""Educated"",""CarryingBag"":""Daily/Office/Work Bag"",""Accessories"":{""Nothing"":true},""Footwear"":""CantSee"",""Demeanour"":""Average"",""ClothingStyle"":""Average"",""ImageQuality"":""Average"",""Emotion"":""Neutral"",""ClothingStyle2"":""Daily"",""BodyPose"":""Front-Frontish""}"
images/Set4/82140_4.jpg,-1,"{}",1,0,"{""name"":""rect"",""x"":41,""y"":38,""width"":78,""height"":105}","{""Age"":""35-45"",""Weight"":""underweight"",""Gender"":""female"",""Economy-Class"":""middle class"",""Education"":""Uneducation"",""CarryingBag"":""Shopping "",""Accessories"":{""Watch"":true},""Footwear"":""CantSee"",""Demeanour"":""Average"",""ClothingStyle"":""Average"",""ImageQuality"":""Average"",""Emotion"":""Neutral"",""ClothingStyle2"":""Daily"",""BodyPose"":""Front-Frontish""}"
images/Set4/2040_1.jpg,-1,"{}",1,0,"{""name"":""rect"",""x"":144,""y"":6,""width"":135,""height"":158}","{""Age"":""35-45"",""Weight"":""underweight"",""Gender"":""male"",""Economy-Class"":""lower middle class"",""Education"":""Uneducation"",""CarryingBag"":""None"",""Accessories"":{""OtherJewellery"":true},""Footwear"":""CantSee"",""Demeanour"":""Unkept"",""ClothingStyle"":""Average"",""ImageQuality"":""Average"",""Emotion"":""Angry/Serious"",""ClothingStyle2"":""Daily"",""BodyPose"":""Front-Frontish""}"
images/Set4/2040_4.jpg,-1,"{}",1,0,"{""name"":""rect"",""x"":44,""y"":19,""width"":46,""height"":38}","{""Age"":""35-45"",""Weight"":""over-weight"",""Gender"":""male"",""Economy-Class"":""upper class"",""Education"":""Educated"",""CarryingBag"":""Daily/Office/Work Bag"",""Accessories"":{""Nothing"":true},""Footwear"":""Normal"",""Demeanour"":""Average"",""ClothingStyle"":""Classy-Fashionable"",""ImageQuality"":""Bad"",""Emotion"":""Neutral"",""ClothingStyle2"":""Formal/Business"",""BodyPose"":""Front-Frontish""}"